Workbook

Sheet Игра
K2: Слова Игрока 1 | L2: Очки | M2: Проверка | O2: Слова Игрока 2 | P2: Очки | Q2: Проверка
A3: Правила | K3: ЛАК | L3: =IF(M3="✅ ОК", LEN(TRIM(K3)), 0) -> 3 | M3: =IF(K3="", "", IF(K3=$A$11, "⚠️ Стартовое слово", IF((COUNTIF($K$3:$K$15, K3) + COUNTIF($O$3:$O$15, K3))>1, "⚠️ Повтор слова", IF(ISERROR(MATCH(TRIM(K3), Словарь!$A:$A, 0)), "❌ Нет в словаре", "✅ ОК")))) -> ✅ ОК | O3: КЛАД | P3: =IF(Q3="✅ ОК", LEN(TRIM(O3)), 0) -> 4 | Q3: =IF(O3="", "", IF(O3=$A$11, "⚠️ Стартовое слово", IF((COUNTIF($K$3:$K$15, O3) + COUNTIF($O$3:$O$15, O3))>1, "⚠️ Повтор слова", IF(ISERROR(MATCH(TRIM(O3), Словарь!$A:$A, 0)), "❌ Нет в словаре", "✅ ОК")))) -> ✅ ОК
A4: Счёт | L4: =IF(M4="✅ ОК", LEN(TRIM(K4)), 0) -> 0 | M4: =IF(K4="", "", IF(K4=$A$11, "⚠️ Стартовое слово", IF((COUNTIF($K$3:$K$15, K4) + COUNTIF($O$3:$O$15, K4))>1, "⚠️ Повтор слова", IF(ISERROR(MATCH(TRIM(K4), Словарь!$A:$A, 0)), "❌ Нет в словаре", "✅ ОК")))) | P4: =IF(Q4="✅ ОК", LEN(TRIM(O4)), 0) -> 0 | Q4: =IF(O4="", "", IF(O4=$A$11, "⚠️ Стартовое слово", IF((COUNTIF($K$3:$K$15, O4) + COUNTIF($O$3:$O$15, O4))>1, "⚠️ Повтор слова", IF(ISERROR(MATCH(TRIM(O4), Словарь!$A:$A, 0)), "❌ Нет в словаре", "✅ ОК"))))
E5: =MID($A$11,COLUMN(A1),1) -> К | F5: =MID($A$11,COLUMN(B1),1) -> О | G5: =MID($A$11,COLUMN(C1),1) -> А | H5: =MID($A$11,COLUMN(D1),1) -> Л | I5: =MID($A$11,COLUMN(E1),1) -> А | L5: =IF(M5="✅ ОК", LEN(TRIM(K5)), 0) -> 0 | M5: =IF(K5="", "", IF(K5=$A$11, "⚠️ Стартовое слово", IF((COUNTIF($K$3:$K$15, K5) + COUNTIF($O$3:$O$15, K5))>1, "⚠️ Повтор слова", IF(ISERROR(MATCH(TRIM(K5), Словарь!$A:$A, 0)), "❌ Нет в словаре", "✅ ОК")))) | P5: =IF(Q5="✅ ОК", LEN(TRIM(O5)), 0) -> 0 | Q5: =IF(O5="", "", IF(O5=$A$11, "⚠️ Стартовое слово", IF((COUNTIF($K$3:$K$15, O5) + COUNTIF($O$3:$O$15, O5))>1, "⚠️ Повтор слова", IF(ISERROR(MATCH(TRIM(O5), Словарь!$A:$A, 0)), "❌ Нет в словаре", "✅ ОК"))))
L6: =IF(M6="✅ ОК", LEN(TRIM(K6)), 0) -> 0 | M6: =IF(K6="", "", IF(K6=$A$11, "⚠️ Стартовое слово", IF((COUNTIF($K$3:$K$15, K6) + COUNTIF($O$3:$O$15, K6))>1, "⚠️ Повтор слова", IF(ISERROR(MATCH(TRIM(K6), Словарь!$A:$A, 0)), "❌ Нет в словаре", "✅ ОК")))) | P6: =IF(Q6="✅ ОК", LEN(TRIM(O6)), 0) -> 0 | Q6: =IF(O6="", "", IF(O6=$A$11, "⚠️ Стартовое слово", IF((COUNTIF($K$3:$K$15, O6) + COUNTIF($O$3:$O$15, O6))>1, "⚠️ Повтор слова", IF(ISERROR(MATCH(TRIM(O6), Словарь!$A:$A, 0)), "❌ Нет в словаре", "✅ ОК"))))
L7: =IF(M7="✅ ОК", LEN(TRIM(K7)), 0) -> 0 | M7: =IF(K7="", "", IF(K7=$A$11, "⚠️ Стартовое слово", IF((COUNTIF($K$3:$K$15, K7) + COUNTIF($O$3:$O$15, K7))>1, "⚠️ Повтор слова", IF(ISERROR(MATCH(TRIM(K7), Словарь!$A:$A, 0)), "❌ Нет в словаре", "✅ ОК")))) | P7: =IF(Q7="✅ ОК", LEN(TRIM(O7)), 0) -> 0 | Q7: =IF(O7="", "", IF(O7=$A$11, "⚠️ Стартовое слово", IF((COUNTIF($K$3:$K$15, O7) + COUNTIF($O$3:$O$15, O7))>1, "⚠️ Повтор слова", IF(ISERROR(MATCH(TRIM(O7), Словарь!$A:$A, 0)), "❌ Нет в словаре", "✅ ОК"))))
L8: =IF(M8="✅ ОК", LEN(TRIM(K8)), 0) -> 0 | M8: =IF(K8="", "", IF(K8=$A$11, "⚠️ Стартовое слово", IF((COUNTIF($K$3:$K$15, K8) + COUNTIF($O$3:$O$15, K8))>1, "⚠️ Повтор слова", IF(ISERROR(MATCH(TRIM(K8), Словарь!$A:$A, 0)), "❌ Нет в словаре", "✅ ОК")))) | P8: =IF(Q8="✅ ОК", LEN(TRIM(O8)), 0) -> 0 | Q8: =IF(O8="", "", IF(O8=$A$11, "⚠️ Стартовое слово", IF((COUNTIF($K$3:$K$15, O8) + COUNTIF($O$3:$O$15, O8))>1, "⚠️ Повтор слова", IF(ISERROR(MATCH(TRIM(O8), Словарь!$A:$A, 0)), "❌ Нет в словаре", "✅ ОК"))))
L9: =IF(M9="✅ ОК", LEN(TRIM(K9)), 0) -> 0 | M9: =IF(K9="", "", IF(K9=$A$11, "⚠️ Стартовое слово", IF((COUNTIF($K$3:$K$15, K9) + COUNTIF($O$3:$O$15, K9))>1, "⚠️ Повтор слова", IF(ISERROR(MATCH(TRIM(K9), Словарь!$A:$A, 0)), "❌ Нет в словаре", "✅ ОК")))) | P9: =IF(Q9="✅ ОК", LEN(TRIM(O9)), 0) -> 0 | Q9: =IF(O9="", "", IF(O9=$A$11, "⚠️ Стартовое слово", IF((COUNTIF($K$3:$K$15, O9) + COUNTIF($O$3:$O$15, O9))>1, "⚠️ Повтор слова", IF(ISERROR(MATCH(TRIM(O9), Словарь!$A:$A, 0)), "❌ Нет в словаре", "✅ ОК"))))
A10: Стартовое слово | L10: =IF(M10="✅ ОК", LEN(TRIM(K10)), 0) -> 0 | M10: =IF(K10="", "", IF(K10=$A$11, "⚠️ Стартовое слово", IF((COUNTIF($K$3:$K$15, K10) + COUNTIF($O$3:$O$15, K10))>1, "⚠️ Повтор слова", IF(ISERROR(MATCH(TRIM(K10), Словарь!$A:$A, 0)), "❌ Нет в словаре", "✅ ОК")))) | P10: =IF(Q10="✅ ОК", LEN(TRIM(O10)), 0) -> 0 | Q10: =IF(O10="", "", IF(O10=$A$11, "⚠️ Стартовое слово", IF((COUNTIF($K$3:$K$15, O10) + COUNTIF($O$3:$O$15, O10))>1, "⚠️ Повтор слова", IF(ISERROR(MATCH(TRIM(O10), Словарь!$A:$A, 0)), "❌ Нет в словаре", "✅ ОК"))))
A11: КОАЛА | L11: =IF(M11="✅ ОК", LEN(TRIM(K11)), 0) -> 0 | M11: =IF(K11="", "", IF(K11=$A$11, "⚠️ Стартовое слово", IF((COUNTIF($K$3:$K$15, K11) + COUNTIF($O$3:$O$15, K11))>1, "⚠️ Повтор слова", IF(ISERROR(MATCH(TRIM(K11), Словарь!$A:$A, 0)), "❌ Нет в словаре", "✅ ОК")))) | P11: =IF(Q11="✅ ОК", LEN(TRIM(O11)), 0) -> 0 | Q11: =IF(O11="", "", IF(O11=$A$11, "⚠️ Стартовое слово", IF((COUNTIF($K$3:$K$15, O11) + COUNTIF($O$3:$O$15, O11))>1, "⚠️ Повтор слова", IF(ISERROR(MATCH(TRIM(O11), Словарь!$A:$A, 0)), "❌ Нет в словаре", "✅ ОК"))))
C12: Игрок 1 | D12: Вася | F12: Игрок 1 | G12: =D12 -> Вася | H12: =D13 -> 3 | L12: =IF(M12="✅ ОК", LEN(TRIM(K12)), 0) -> 0 | M12: =IF(K12="", "", IF(K12=$A$11, "⚠️ Стартовое слово", IF((COUNTIF($K$3:$K$15, K12) + COUNTIF($O$3:$O$15, K12))>1, "⚠️ Повтор слова", IF(ISERROR(MATCH(TRIM(K12), Словарь!$A:$A, 0)), "❌ Нет в словаре", "✅ ОК")))) | P12: =IF(Q12="✅ ОК", LEN(TRIM(O12)), 0) -> 0 | Q12: =IF(O12="", "", IF(O12=$A$11, "⚠️ Стартовое слово", IF((COUNTIF($K$3:$K$15, O12) + COUNTIF($O$3:$O$15, O12))>1, "⚠️ Повтор слова", IF(ISERROR(MATCH(TRIM(O12), Словарь!$A:$A, 0)), "❌ Нет в словаре", "✅ ОК"))))
C13: Счёт Игрока 1 | D13: =L16 -> 3 | F13: Игрок 2 | G13: =D14 -> Петя | H13: =D15 -> 4 | L13: =IF(M13="✅ ОК", LEN(TRIM(K13)), 0) -> 0 | M13: =IF(K13="", "", IF(K13=$A$11, "⚠️ Стартовое слово", IF((COUNTIF($K$3:$K$15, K13) + COUNTIF($O$3:$O$15, K13))>1, "⚠️ Повтор слова", IF(ISERROR(MATCH(TRIM(K13), Словарь!$A:$A, 0)), "❌ Нет в словаре", "✅ ОК")))) | P13: =IF(Q13="✅ ОК", LEN(TRIM(O13)), 0) -> 0 | Q13: =IF(O13="", "", IF(O13=$A$11, "⚠️ Стартовое слово", IF((COUNTIF($K$3:$K$15, O13) + COUNTIF($O$3:$O$15, O13))>1, "⚠️ Повтор слова", IF(ISERROR(MATCH(TRIM(O13), Словарь!$A:$A, 0)), "❌ Нет в словаре", "✅ ОК"))))
C14: Игрок 2 | D14: Петя | L14: =IF(M14="✅ ОК", LEN(TRIM(K14)), 0) -> 0 | M14: =IF(K14="", "", IF(K14=$A$11, "⚠️ Стартовое слово", IF((COUNTIF($K$3:$K$15, K14) + COUNTIF($O$3:$O$15, K14))>1, "⚠️ Повтор слова", IF(ISERROR(MATCH(TRIM(K14), Словарь!$A:$A, 0)), "❌ Нет в словаре", "✅ ОК")))) | P14: =IF(Q14="✅ ОК", LEN(TRIM(O14)), 0) -> 0 | Q14: =IF(O14="", "", IF(O14=$A$11, "⚠️ Стартовое слово", IF((COUNTIF($K$3:$K$15, O14) + COUNTIF($O$3:$O$15, O14))>1, "⚠️ Повтор слова", IF(ISERROR(MATCH(TRIM(O14), Словарь!$A:$A, 0)), "❌ Нет в словаре", "✅ ОК"))))
C15: Счёт Игрока 2 | D15: =P16 -> 4 | L15: =IF(M15="✅ ОК", LEN(TRIM(K15)), 0) -> 0 | M15: =IF(K15="", "", IF(K15=$A$11, "⚠️ Стартовое слово", IF((COUNTIF($K$3:$K$15, K15) + COUNTIF($O$3:$O$15, K15))>1, "⚠️ Повтор слова", IF(ISERROR(MATCH(TRIM(K15), Словарь!$A:$A, 0)), "❌ Нет в словаре", "✅ ОК")))) | P15: =IF(Q15="✅ ОК", LEN(TRIM(O15)), 0) -> 0 | Q15: =IF(O15="", "", IF(O15=$A$11, "⚠️ Стартовое слово", IF((COUNTIF($K$3:$K$15, O15) + COUNTIF($O$3:$O$15, O15))>1, "⚠️ Повтор слова", IF(ISERROR(MATCH(TRIM(O15), Словарь!$A:$A, 0)), "❌ Нет в словаре", "✅ ОК"))))
C16: Победитель | D16: =IF(D13>D15, D12, IF(D15>D13, D14, "Ничья")) -> Петя | L16: =SUM(L3:L15) -> 3 | P16: =SUM(P3:P15) -> 4

Sheet Правила
A1: Правила игры «Королевский квадрат» (Балда)
A3: 1. Цель игры: Составить как можно больше слов и набрать максимальное количество очков (1 буква = 1 очко).
A4: 2. Ход игры: Игроки ходят по очереди. За один ход можно вписать ровно одну букву в пустую клетку.
A5: 3. Размещение: Новая буква должна быть смежной по горизонтали или вертикали с уже заполненной клеткой (подсвечивается серым/желтым).
A6: 4. Составление слов: Новое слово должно обязательно содержать только что поставленную букву. Слово читается по смежным клеткам (по вертикали и горизонтали под прямым углом, без диагоналей). Каждая клетка в одном слове используется не более одного раза.
A7: 5. Запреты: Нельзя использовать существительные не в начальной форме (только именительный падеж, единственное число), а также повторно называть уже составленные слова.
A8: 6. Финал: Игра завершается, когда все 25 клеток поля будут заполнены. Победитель определяется по сумме очков.
A12: Назад

Sheet Рефл.
A2: Партия | B2: Игрок 1 | C2: Очки Игрока 1 | D2: Игрок 2 | E2: Очки Игрока 2 | F2: Победитель
A3: 1 | B3: Петя | C3: =Игра!L16 -> 3 | D3: Вася | E3: =Игра!P16 -> 4 | F3: =IF(C3>E3, B3, IF(E3>C3, D3, "Ничья")) -> Вася
H17: Назад

Sheet Словарь
A1: ЛАК
A2: КОЛ
A3: КОН
A4: КОП
A5: КОПНА
A6: ПОНТ
A7: ТАНК
A8: КЛАН
A9: КЛАД
A10: ДАНЬ
A11: КЛАДЬ
A12: ПОНИ
... A31: АЛ
